 6.818E+14   1.091E-11   1.099E-11   1.083E-11  56442.4331  56442.4331   Det  SMARTS           Bonning et al. 2012, ApJ 756, 13 
 5.455E+14   4.869E-13   4.910E-13   4.829E-13  56442.4331  56442.4331   Det  SMARTS           Bonning et al. 2012, ApJ 756, 13 
 4.688E+14   9.339E-12   9.382E-12   9.296E-12  56442.4331  56442.4331   Det  SMARTS           Bonning et al. 2012, ApJ 756, 13 
 2.381E+14   1.023E-11   1.032E-11   1.013E-11  56442.4331  56442.4331   Det  SMARTS           Bonning et al. 2012, ApJ 756, 13 
 6.818E+14   1.544E-11   1.553E-11   1.536E-11  56446.3856  56446.3856   Det  SMARTS           Bonning et al. 2012, ApJ 756, 13 
 5.455E+14   8.564E-13   8.611E-13   8.516E-13  56446.3856  56446.3856   Det  SMARTS           Bonning et al. 2012, ApJ 756, 13 
 4.688E+14   1.402E-11   1.408E-11   1.395E-11  56446.3856  56446.3856   Det  SMARTS           Bonning et al. 2012, ApJ 756, 13 
 2.381E+14   1.535E-11   1.545E-11   1.525E-11  56446.3856  56446.3856   Det  SMARTS           Bonning et al. 2012, ApJ 756, 13 
 6.818E+14   1.450E-11   1.458E-11   1.442E-11  56447.3900  56447.3900   Det  SMARTS           Bonning et al. 2012, ApJ 756, 13 
 5.455E+14   8.231E-13   8.269E-13   8.193E-13  56447.3900  56447.3900   Det  SMARTS           Bonning et al. 2012, ApJ 756, 13 
 4.688E+14   1.293E-11   1.299E-11   1.287E-11  56447.3900  56447.3900   Det  SMARTS           Bonning et al. 2012, ApJ 756, 13 
 2.381E+14   1.526E-11   1.536E-11   1.517E-11  56447.3900  56447.3900   Det  SMARTS           Bonning et al. 2012, ApJ 756, 13 
 6.818E+14   8.747E-12   8.820E-12   8.675E-12  56451.3406  56451.3406   Det  SMARTS           Bonning et al. 2012, ApJ 756, 13 
 4.688E+14   7.487E-12   7.542E-12   7.431E-12  56451.3406  56451.3406   Det  SMARTS           Bonning et al. 2012, ApJ 756, 13 
 2.381E+14   7.594E-12   7.678E-12   7.510E-12  56451.3406  56451.3406   Det  SMARTS           Bonning et al. 2012, ApJ 756, 13 
 6.818E+14   7.432E-12   7.493E-12   7.370E-12  56452.3948  56452.3948   Det  SMARTS           Bonning et al. 2012, ApJ 756, 13 
 5.455E+14   4.020E-13   4.054E-13   3.987E-13  56452.3948  56452.3948   Det  SMARTS           Bonning et al. 2012, ApJ 756, 13 
 4.688E+14   6.164E-12   6.210E-12   6.119E-12  56452.3948  56452.3948   Det  SMARTS           Bonning et al. 2012, ApJ 756, 13 
 2.381E+14   6.900E-12   6.977E-12   6.824E-12  56452.3948  56452.3948   Det  SMARTS           Bonning et al. 2012, ApJ 756, 13 
 6.818E+14   6.437E-12   6.491E-12   6.383E-12  56454.3907  56454.3907   Det  SMARTS           Bonning et al. 2012, ApJ 756, 13 
 5.455E+14   3.319E-13   3.350E-13   3.289E-13  56454.3907  56454.3907   Det  SMARTS           Bonning et al. 2012, ApJ 756, 13 
 4.688E+14   5.237E-12   5.281E-12   5.193E-12  56454.3907  56454.3907   Det  SMARTS           Bonning et al. 2012, ApJ 756, 13 
 2.381E+14   6.398E-12   6.475E-12   6.321E-12  56454.3907  56454.3907   Det  SMARTS           Bonning et al. 2012, ApJ 756, 13 
 6.818E+14   6.210E-12   6.267E-12   6.152E-12  56455.3734  56455.3734   Det  SMARTS           Bonning et al. 2012, ApJ 756, 13 
 5.455E+14   3.232E-13   3.262E-13   3.202E-13  56455.3734  56455.3734   Det  SMARTS           Bonning et al. 2012, ApJ 756, 13 
 4.688E+14   5.108E-12   5.151E-12   5.066E-12  56455.3734  56455.3734   Det  SMARTS           Bonning et al. 2012, ApJ 756, 13 
 2.381E+14   6.184E-12   6.259E-12   6.110E-12  56455.3734  56455.3734   Det  SMARTS           Bonning et al. 2012, ApJ 756, 13 
 6.818E+14   5.742E-12   5.801E-12   5.684E-12  56457.3842  56457.3842   Det  SMARTS           Bonning et al. 2012, ApJ 756, 13 
 5.455E+14   2.828E-13   2.857E-13   2.799E-13  56457.3842  56457.3842   Det  SMARTS           Bonning et al. 2012, ApJ 756, 13 
 4.688E+14   4.536E-12   4.582E-12   4.490E-12  56457.3842  56457.3842   Det  SMARTS           Bonning et al. 2012, ApJ 756, 13 
 2.381E+14   4.958E-12   5.031E-12   4.884E-12  56457.3842  56457.3842   Det  SMARTS           Bonning et al. 2012, ApJ 756, 13 
 6.818E+14   4.946E-12   4.997E-12   4.896E-12  56458.4311  56458.4311   Det  SMARTS           Bonning et al. 2012, ApJ 756, 13 
 5.455E+14   2.567E-13   2.598E-13   2.536E-13  56458.4311  56458.4311   Det  SMARTS           Bonning et al. 2012, ApJ 756, 13 
 4.688E+14   3.759E-12   3.801E-12   3.717E-12  56458.4311  56458.4311   Det  SMARTS           Bonning et al. 2012, ApJ 756, 13 
 2.381E+14   4.597E-12   4.674E-12   4.520E-12  56458.4311  56458.4311   Det  SMARTS           Bonning et al. 2012, ApJ 756, 13 
 6.818E+14   5.020E-12   5.080E-12   4.959E-12  56459.3192  56459.3192   Det  SMARTS           Bonning et al. 2012, ApJ 756, 13 
 4.688E+14   3.818E-12   3.872E-12   3.765E-12  56459.3192  56459.3192   Det  SMARTS           Bonning et al. 2012, ApJ 756, 13 
 2.381E+14   4.670E-12   4.761E-12   4.578E-12  56459.3192  56459.3192   Det  SMARTS           Bonning et al. 2012, ApJ 756, 13 
 6.818E+14   6.734E-12   6.815E-12   6.653E-12  56460.3731  56460.3731   Det  SMARTS           Bonning et al. 2012, ApJ 756, 13 
 5.455E+14   2.106E-13   2.135E-13   2.077E-13  56460.3731  56460.3731   Det  SMARTS           Bonning et al. 2012, ApJ 756, 13 
 4.688E+14   5.208E-12   5.424E-12   4.993E-12  56460.3731  56460.3731   Det  SMARTS           Bonning et al. 2012, ApJ 756, 13 
 2.381E+14   6.881E-12   7.173E-12   6.590E-12  56460.3731  56460.3731   Det  SMARTS           Bonning et al. 2012, ApJ 756, 13 
 6.818E+14   7.316E-12   7.377E-12   7.255E-12  56461.3871  56461.3871   Det  SMARTS           Bonning et al. 2012, ApJ 756, 13 
 5.455E+14   3.570E-13   3.600E-13   3.540E-13  56461.3871  56461.3871   Det  SMARTS           Bonning et al. 2012, ApJ 756, 13 
 4.688E+14   5.524E-12   5.570E-12   5.478E-12  56461.3871  56461.3871   Det  SMARTS           Bonning et al. 2012, ApJ 756, 13 
 2.381E+14   6.016E-12   6.105E-12   5.926E-12  56461.3871  56461.3871   Det  SMARTS           Bonning et al. 2012, ApJ 756, 13 
 6.818E+14   5.349E-12   5.404E-12   5.295E-12  56463.4105  56463.4105   Det  SMARTS           Bonning et al. 2012, ApJ 756, 13 
 5.455E+14   2.688E-13   2.718E-13   2.658E-13  56463.4105  56463.4105   Det  SMARTS           Bonning et al. 2012, ApJ 756, 13 
 4.688E+14   3.929E-12   3.969E-12   3.889E-12  56463.4105  56463.4105   Det  SMARTS           Bonning et al. 2012, ApJ 756, 13 
 2.381E+14   3.920E-12   3.982E-12   3.858E-12  56463.4105  56463.4105   Det  SMARTS           Bonning et al. 2012, ApJ 756, 13 
 6.818E+14   5.199E-12   5.251E-12   5.146E-12  56464.4170  56464.4170   Det  SMARTS           Bonning et al. 2012, ApJ 756, 13 
 5.455E+14   2.654E-13   2.683E-13   2.624E-13  56464.4170  56464.4170   Det  SMARTS           Bonning et al. 2012, ApJ 756, 13 
 4.688E+14   4.114E-12   4.156E-12   4.072E-12  56464.4170  56464.4170   Det  SMARTS           Bonning et al. 2012, ApJ 756, 13 
 2.381E+14   4.239E-12   4.306E-12   4.172E-12  56464.4170  56464.4170   Det  SMARTS           Bonning et al. 2012, ApJ 756, 13 
 6.818E+14   4.324E-12   4.453E-12   4.195E-12  56467.3815  56467.3815   Det  SMARTS           Bonning et al. 2012, ApJ 756, 13 
 5.455E+14   1.919E-13   1.973E-13   1.865E-13  56467.3815  56467.3815   Det  SMARTS           Bonning et al. 2012, ApJ 756, 13 
 4.688E+14   2.792E-12   2.860E-12   2.724E-12  56467.3815  56467.3815   Det  SMARTS           Bonning et al. 2012, ApJ 756, 13 
 2.381E+14   2.430E-12   2.485E-12   2.376E-12  56467.3815  56467.3815   Det  SMARTS           Bonning et al. 2012, ApJ 756, 13 
 6.818E+14   4.261E-12   4.368E-12   4.153E-12  56468.4202  56468.4202   Det  SMARTS           Bonning et al. 2012, ApJ 756, 13 
 5.455E+14   1.958E-13   2.006E-13   1.911E-13  56468.4202  56468.4202   Det  SMARTS           Bonning et al. 2012, ApJ 756, 13 
 4.688E+14   2.862E-12   2.921E-12   2.804E-12  56468.4202  56468.4202   Det  SMARTS           Bonning et al. 2012, ApJ 756, 13 
 2.381E+14   2.682E-12   2.745E-12   2.620E-12  56468.4202  56468.4202   Det  SMARTS           Bonning et al. 2012, ApJ 756, 13 
 6.818E+14   4.384E-12   4.524E-12   4.245E-12  56469.4043  56469.4043   Det  SMARTS           Bonning et al. 2012, ApJ 756, 13 
 5.455E+14   1.466E-13   1.531E-13   1.402E-13  56469.4043  56469.4043   Det  SMARTS           Bonning et al. 2012, ApJ 756, 13 
 4.688E+14   2.738E-12   2.831E-12   2.646E-12  56469.4043  56469.4043   Det  SMARTS           Bonning et al. 2012, ApJ 756, 13 
 2.381E+14   2.877E-12   2.965E-12   2.788E-12  56469.4043  56469.4043   Det  SMARTS           Bonning et al. 2012, ApJ 756, 13 
 6.818E+14   3.962E-12   4.043E-12   3.881E-12  56473.3351  56473.3351   Det  SMARTS           Bonning et al. 2012, ApJ 756, 13 
 5.455E+14   1.665E-13   1.707E-13   1.623E-13  56473.3351  56473.3351   Det  SMARTS           Bonning et al. 2012, ApJ 756, 13 
 4.688E+14   2.627E-12   2.688E-12   2.566E-12  56473.3351  56473.3351   Det  SMARTS           Bonning et al. 2012, ApJ 756, 13 
 2.381E+14   2.377E-12   2.442E-12   2.313E-12  56473.3351  56473.3351   Det  SMARTS           Bonning et al. 2012, ApJ 756, 13 
 6.818E+14   4.103E-12   4.168E-12   4.038E-12  56474.3524  56474.3524   Det  SMARTS           Bonning et al. 2012, ApJ 756, 13 
 4.688E+14   2.608E-12   2.661E-12   2.555E-12  56474.3524  56474.3524   Det  SMARTS           Bonning et al. 2012, ApJ 756, 13 
 2.381E+14   2.428E-12   2.496E-12   2.360E-12  56474.3524  56474.3524   Det  SMARTS           Bonning et al. 2012, ApJ 756, 13 
 6.818E+14   4.380E-12   4.437E-12   4.323E-12  56475.3776  56475.3776   Det  SMARTS           Bonning et al. 2012, ApJ 756, 13 
 5.455E+14   1.901E-13   1.931E-13   1.871E-13  56475.3776  56475.3776   Det  SMARTS           Bonning et al. 2012, ApJ 756, 13 
 4.688E+14   2.776E-12   2.820E-12   2.733E-12  56475.3776  56475.3776   Det  SMARTS           Bonning et al. 2012, ApJ 756, 13 
 2.381E+14   2.729E-12   2.801E-12   2.658E-12  56475.3776  56475.3776   Det  SMARTS           Bonning et al. 2012, ApJ 756, 13 
 6.818E+14   3.735E-12   3.787E-12   3.683E-12  56476.3323  56476.3323   Det  SMARTS           Bonning et al. 2012, ApJ 756, 13 
 5.455E+14   1.688E-13   1.717E-13   1.660E-13  56476.3323  56476.3323   Det  SMARTS           Bonning et al. 2012, ApJ 756, 13 
 4.688E+14   2.748E-12   2.789E-12   2.708E-12  56476.3323  56476.3323   Det  SMARTS           Bonning et al. 2012, ApJ 756, 13 
 2.381E+14   2.023E-12   2.092E-12   1.955E-12  56476.3323  56476.3323   Det  SMARTS           Bonning et al. 2012, ApJ 756, 13 
 4.688E+14   2.706E-12   2.741E-12   2.671E-12  56480.3347  56480.3347   Det  SMARTS           Bonning et al. 2012, ApJ 756, 13 
 2.381E+14   2.134E-12   2.188E-12   2.081E-12  56480.3347  56480.3347   Det  SMARTS           Bonning et al. 2012, ApJ 756, 13 
 4.688E+14   2.463E-12   2.500E-12   2.427E-12  56481.3284  56481.3284   Det  SMARTS           Bonning et al. 2012, ApJ 756, 13 
 2.381E+14   1.736E-12   1.790E-12   1.683E-12  56481.3284  56481.3284   Det  SMARTS           Bonning et al. 2012, ApJ 756, 13 
 4.688E+14   2.445E-12   2.500E-12   2.390E-12  56482.3179  56482.3179   Det  SMARTS           Bonning et al. 2012, ApJ 756, 13 
 2.381E+14   1.714E-12   1.832E-12   1.597E-12  56482.3179  56482.3179   Det  SMARTS           Bonning et al. 2012, ApJ 756, 13 
 6.818E+14   1.091E-11   1.099E-11   1.083E-11  56442.4331  56442.4331   Det  SMARTS           Bonning et al. 2012, ApJ 756, 13 
 5.455E+14   4.869E-13   4.910E-13   4.829E-13  56442.4331  56442.4331   Det  SMARTS           Bonning et al. 2012, ApJ 756, 13 
 4.688E+14   9.339E-12   9.382E-12   9.296E-12  56442.4331  56442.4331   Det  SMARTS           Bonning et al. 2012, ApJ 756, 13 
 2.381E+14   1.023E-11   1.032E-11   1.013E-11  56442.4331  56442.4331   Det  SMARTS           Bonning et al. 2012, ApJ 756, 13 
 6.818E+14   1.544E-11   1.553E-11   1.536E-11  56446.3856  56446.3856   Det  SMARTS           Bonning et al. 2012, ApJ 756, 13 
 5.455E+14   8.564E-13   8.611E-13   8.516E-13  56446.3856  56446.3856   Det  SMARTS           Bonning et al. 2012, ApJ 756, 13 
 4.688E+14   1.402E-11   1.408E-11   1.395E-11  56446.3856  56446.3856   Det  SMARTS           Bonning et al. 2012, ApJ 756, 13 
 2.381E+14   1.535E-11   1.545E-11   1.525E-11  56446.3856  56446.3856   Det  SMARTS           Bonning et al. 2012, ApJ 756, 13 
 6.818E+14   1.450E-11   1.458E-11   1.442E-11  56447.3900  56447.3900   Det  SMARTS           Bonning et al. 2012, ApJ 756, 13 
 5.455E+14   8.231E-13   8.269E-13   8.193E-13  56447.3900  56447.3900   Det  SMARTS           Bonning et al. 2012, ApJ 756, 13 
 4.688E+14   1.293E-11   1.299E-11   1.287E-11  56447.3900  56447.3900   Det  SMARTS           Bonning et al. 2012, ApJ 756, 13 
 2.381E+14   1.526E-11   1.536E-11   1.517E-11  56447.3900  56447.3900   Det  SMARTS           Bonning et al. 2012, ApJ 756, 13 
 6.818E+14   8.747E-12   8.820E-12   8.675E-12  56451.3406  56451.3406   Det  SMARTS           Bonning et al. 2012, ApJ 756, 13 
 4.688E+14   7.487E-12   7.542E-12   7.431E-12  56451.3406  56451.3406   Det  SMARTS           Bonning et al. 2012, ApJ 756, 13 
 2.381E+14   7.594E-12   7.678E-12   7.510E-12  56451.3406  56451.3406   Det  SMARTS           Bonning et al. 2012, ApJ 756, 13 
 6.818E+14   7.432E-12   7.493E-12   7.370E-12  56452.3948  56452.3948   Det  SMARTS           Bonning et al. 2012, ApJ 756, 13 
 5.455E+14   4.020E-13   4.054E-13   3.987E-13  56452.3948  56452.3948   Det  SMARTS           Bonning et al. 2012, ApJ 756, 13 
 4.688E+14   6.164E-12   6.210E-12   6.119E-12  56452.3948  56452.3948   Det  SMARTS           Bonning et al. 2012, ApJ 756, 13 
 2.381E+14   6.900E-12   6.977E-12   6.824E-12  56452.3948  56452.3948   Det  SMARTS           Bonning et al. 2012, ApJ 756, 13 
 6.818E+14   6.437E-12   6.491E-12   6.383E-12  56454.3907  56454.3907   Det  SMARTS           Bonning et al. 2012, ApJ 756, 13 
 5.455E+14   3.319E-13   3.350E-13   3.289E-13  56454.3907  56454.3907   Det  SMARTS           Bonning et al. 2012, ApJ 756, 13 
 4.688E+14   5.237E-12   5.281E-12   5.193E-12  56454.3907  56454.3907   Det  SMARTS           Bonning et al. 2012, ApJ 756, 13 
 2.381E+14   6.398E-12   6.475E-12   6.321E-12  56454.3907  56454.3907   Det  SMARTS           Bonning et al. 2012, ApJ 756, 13 
 6.818E+14   6.210E-12   6.267E-12   6.152E-12  56455.3734  56455.3734   Det  SMARTS           Bonning et al. 2012, ApJ 756, 13 
 5.455E+14   3.232E-13   3.262E-13   3.202E-13  56455.3734  56455.3734   Det  SMARTS           Bonning et al. 2012, ApJ 756, 13 
 4.688E+14   5.108E-12   5.151E-12   5.066E-12  56455.3734  56455.3734   Det  SMARTS           Bonning et al. 2012, ApJ 756, 13 
 2.381E+14   6.184E-12   6.259E-12   6.110E-12  56455.3734  56455.3734   Det  SMARTS           Bonning et al. 2012, ApJ 756, 13 
 6.818E+14   5.742E-12   5.801E-12   5.684E-12  56457.3842  56457.3842   Det  SMARTS           Bonning et al. 2012, ApJ 756, 13 
 5.455E+14   2.828E-13   2.857E-13   2.799E-13  56457.3842  56457.3842   Det  SMARTS           Bonning et al. 2012, ApJ 756, 13 
 4.688E+14   4.536E-12   4.582E-12   4.490E-12  56457.3842  56457.3842   Det  SMARTS           Bonning et al. 2012, ApJ 756, 13 
 2.381E+14   4.958E-12   5.031E-12   4.884E-12  56457.3842  56457.3842   Det  SMARTS           Bonning et al. 2012, ApJ 756, 13 
 6.818E+14   4.946E-12   4.997E-12   4.896E-12  56458.4311  56458.4311   Det  SMARTS           Bonning et al. 2012, ApJ 756, 13 
 5.455E+14   2.567E-13   2.598E-13   2.536E-13  56458.4311  56458.4311   Det  SMARTS           Bonning et al. 2012, ApJ 756, 13 
 4.688E+14   3.759E-12   3.801E-12   3.717E-12  56458.4311  56458.4311   Det  SMARTS           Bonning et al. 2012, ApJ 756, 13 
 2.381E+14   4.597E-12   4.674E-12   4.520E-12  56458.4311  56458.4311   Det  SMARTS           Bonning et al. 2012, ApJ 756, 13 
 6.818E+14   5.020E-12   5.080E-12   4.959E-12  56459.3192  56459.3192   Det  SMARTS           Bonning et al. 2012, ApJ 756, 13 
 4.688E+14   3.818E-12   3.872E-12   3.765E-12  56459.3192  56459.3192   Det  SMARTS           Bonning et al. 2012, ApJ 756, 13 
 2.381E+14   4.670E-12   4.761E-12   4.578E-12  56459.3192  56459.3192   Det  SMARTS           Bonning et al. 2012, ApJ 756, 13 
 6.818E+14   6.734E-12   6.815E-12   6.653E-12  56460.3731  56460.3731   Det  SMARTS           Bonning et al. 2012, ApJ 756, 13 
 5.455E+14   2.106E-13   2.135E-13   2.077E-13  56460.3731  56460.3731   Det  SMARTS           Bonning et al. 2012, ApJ 756, 13 
 4.688E+14   5.208E-12   5.424E-12   4.993E-12  56460.3731  56460.3731   Det  SMARTS           Bonning et al. 2012, ApJ 756, 13 
 2.381E+14   6.881E-12   7.173E-12   6.590E-12  56460.3731  56460.3731   Det  SMARTS           Bonning et al. 2012, ApJ 756, 13 
 6.818E+14   7.316E-12   7.377E-12   7.255E-12  56461.3871  56461.3871   Det  SMARTS           Bonning et al. 2012, ApJ 756, 13 
 5.455E+14   3.570E-13   3.600E-13   3.540E-13  56461.3871  56461.3871   Det  SMARTS           Bonning et al. 2012, ApJ 756, 13 
 4.688E+14   5.524E-12   5.570E-12   5.478E-12  56461.3871  56461.3871   Det  SMARTS           Bonning et al. 2012, ApJ 756, 13 
 2.381E+14   6.016E-12   6.105E-12   5.926E-12  56461.3871  56461.3871   Det  SMARTS           Bonning et al. 2012, ApJ 756, 13 
 6.818E+14   5.349E-12   5.404E-12   5.295E-12  56463.4105  56463.4105   Det  SMARTS           Bonning et al. 2012, ApJ 756, 13 
 5.455E+14   2.688E-13   2.718E-13   2.658E-13  56463.4105  56463.4105   Det  SMARTS           Bonning et al. 2012, ApJ 756, 13 
 4.688E+14   3.929E-12   3.969E-12   3.889E-12  56463.4105  56463.4105   Det  SMARTS           Bonning et al. 2012, ApJ 756, 13 
 2.381E+14   3.920E-12   3.982E-12   3.858E-12  56463.4105  56463.4105   Det  SMARTS           Bonning et al. 2012, ApJ 756, 13 
 6.818E+14   5.199E-12   5.251E-12   5.146E-12  56464.4170  56464.4170   Det  SMARTS           Bonning et al. 2012, ApJ 756, 13 
 5.455E+14   2.654E-13   2.683E-13   2.624E-13  56464.4170  56464.4170   Det  SMARTS           Bonning et al. 2012, ApJ 756, 13 
 4.688E+14   4.114E-12   4.156E-12   4.072E-12  56464.4170  56464.4170   Det  SMARTS           Bonning et al. 2012, ApJ 756, 13 
 2.381E+14   4.239E-12   4.306E-12   4.172E-12  56464.4170  56464.4170   Det  SMARTS           Bonning et al. 2012, ApJ 756, 13 
 6.818E+14   4.324E-12   4.453E-12   4.195E-12  56467.3815  56467.3815   Det  SMARTS           Bonning et al. 2012, ApJ 756, 13 
 5.455E+14   1.919E-13   1.973E-13   1.865E-13  56467.3815  56467.3815   Det  SMARTS           Bonning et al. 2012, ApJ 756, 13 
 4.688E+14   2.792E-12   2.860E-12   2.724E-12  56467.3815  56467.3815   Det  SMARTS           Bonning et al. 2012, ApJ 756, 13 
 2.381E+14   2.430E-12   2.485E-12   2.376E-12  56467.3815  56467.3815   Det  SMARTS           Bonning et al. 2012, ApJ 756, 13 
 6.818E+14   4.261E-12   4.368E-12   4.153E-12  56468.4202  56468.4202   Det  SMARTS           Bonning et al. 2012, ApJ 756, 13 
 5.455E+14   1.958E-13   2.006E-13   1.911E-13  56468.4202  56468.4202   Det  SMARTS           Bonning et al. 2012, ApJ 756, 13 
 4.688E+14   2.862E-12   2.921E-12   2.804E-12  56468.4202  56468.4202   Det  SMARTS           Bonning et al. 2012, ApJ 756, 13 
 2.381E+14   2.682E-12   2.745E-12   2.620E-12  56468.4202  56468.4202   Det  SMARTS           Bonning et al. 2012, ApJ 756, 13 
 6.818E+14   4.384E-12   4.524E-12   4.245E-12  56469.4043  56469.4043   Det  SMARTS           Bonning et al. 2012, ApJ 756, 13 
 5.455E+14   1.466E-13   1.531E-13   1.402E-13  56469.4043  56469.4043   Det  SMARTS           Bonning et al. 2012, ApJ 756, 13 
 4.688E+14   2.738E-12   2.831E-12   2.646E-12  56469.4043  56469.4043   Det  SMARTS           Bonning et al. 2012, ApJ 756, 13 
 2.381E+14   2.877E-12   2.965E-12   2.788E-12  56469.4043  56469.4043   Det  SMARTS           Bonning et al. 2012, ApJ 756, 13 
 6.818E+14   3.962E-12   4.043E-12   3.881E-12  56473.3351  56473.3351   Det  SMARTS           Bonning et al. 2012, ApJ 756, 13 
 5.455E+14   1.665E-13   1.707E-13   1.623E-13  56473.3351  56473.3351   Det  SMARTS           Bonning et al. 2012, ApJ 756, 13 
 4.688E+14   2.627E-12   2.688E-12   2.566E-12  56473.3351  56473.3351   Det  SMARTS           Bonning et al. 2012, ApJ 756, 13 
 2.381E+14   2.377E-12   2.442E-12   2.313E-12  56473.3351  56473.3351   Det  SMARTS           Bonning et al. 2012, ApJ 756, 13 
 6.818E+14   4.103E-12   4.168E-12   4.038E-12  56474.3524  56474.3524   Det  SMARTS           Bonning et al. 2012, ApJ 756, 13 
 4.688E+14   2.608E-12   2.661E-12   2.555E-12  56474.3524  56474.3524   Det  SMARTS           Bonning et al. 2012, ApJ 756, 13 
 2.381E+14   2.428E-12   2.496E-12   2.360E-12  56474.3524  56474.3524   Det  SMARTS           Bonning et al. 2012, ApJ 756, 13 
 6.818E+14   4.380E-12   4.437E-12   4.323E-12  56475.3776  56475.3776   Det  SMARTS           Bonning et al. 2012, ApJ 756, 13 
 5.455E+14   1.901E-13   1.931E-13   1.871E-13  56475.3776  56475.3776   Det  SMARTS           Bonning et al. 2012, ApJ 756, 13 
 4.688E+14   2.776E-12   2.820E-12   2.733E-12  56475.3776  56475.3776   Det  SMARTS           Bonning et al. 2012, ApJ 756, 13 
 2.381E+14   2.729E-12   2.801E-12   2.658E-12  56475.3776  56475.3776   Det  SMARTS           Bonning et al. 2012, ApJ 756, 13 
 6.818E+14   3.735E-12   3.787E-12   3.683E-12  56476.3323  56476.3323   Det  SMARTS           Bonning et al. 2012, ApJ 756, 13 
 5.455E+14   1.688E-13   1.717E-13   1.660E-13  56476.3323  56476.3323   Det  SMARTS           Bonning et al. 2012, ApJ 756, 13 
 4.688E+14   2.748E-12   2.789E-12   2.708E-12  56476.3323  56476.3323   Det  SMARTS           Bonning et al. 2012, ApJ 756, 13 
 2.381E+14   2.023E-12   2.092E-12   1.955E-12  56476.3323  56476.3323   Det  SMARTS           Bonning et al. 2012, ApJ 756, 13 
 4.688E+14   2.706E-12   2.741E-12   2.671E-12  56480.3347  56480.3347   Det  SMARTS           Bonning et al. 2012, ApJ 756, 13 
 2.381E+14   2.134E-12   2.188E-12   2.081E-12  56480.3347  56480.3347   Det  SMARTS           Bonning et al. 2012, ApJ 756, 13 
 4.688E+14   2.463E-12   2.500E-12   2.427E-12  56481.3284  56481.3284   Det  SMARTS           Bonning et al. 2012, ApJ 756, 13 
 2.381E+14   1.736E-12   1.790E-12   1.683E-12  56481.3284  56481.3284   Det  SMARTS           Bonning et al. 2012, ApJ 756, 13 
 4.688E+14   2.445E-12   2.500E-12   2.390E-12  56482.3179  56482.3179   Det  SMARTS           Bonning et al. 2012, ApJ 756, 13 
 2.381E+14   1.714E-12   1.832E-12   1.597E-12  56482.3179  56482.3179   Det  SMARTS           Bonning et al. 2012, ApJ 756, 13 
 4.688E+14   2.441E-12   2.479E-12   2.402E-12  56486.3204  56486.3204   Det  SMARTS           Bonning et al. 2012, ApJ 756, 13 
 2.381E+14   1.842E-12   1.897E-12   1.787E-12  56486.3204  56486.3204   Det  SMARTS           Bonning et al. 2012, ApJ 756, 13 
 4.688E+14   2.447E-12   2.486E-12   2.409E-12  56487.3155  56487.3155   Det  SMARTS           Bonning et al. 2012, ApJ 756, 13 
 2.381E+14   2.038E-12   2.103E-12   1.973E-12  56487.3155  56487.3155   Det  SMARTS           Bonning et al. 2012, ApJ 756, 13 
 4.688E+14   2.718E-12   2.800E-12   2.637E-12  56485.3335  56485.3335   Det  SMARTS           Bonning et al. 2012, ApJ 756, 13 
 2.381E+14   2.035E-12   2.128E-12   1.941E-12  56485.3335  56485.3335   Det  SMARTS           Bonning et al. 2012, ApJ 756, 13 
 4.688E+14   2.441E-12   2.479E-12   2.402E-12  56486.3204  56486.3204   Det  SMARTS           Bonning et al. 2012, ApJ 756, 13 
 2.381E+14   1.842E-12   1.897E-12   1.787E-12  56486.3204  56486.3204   Det  SMARTS           Bonning et al. 2012, ApJ 756, 13 
 4.688E+14   2.447E-12   2.486E-12   2.409E-12  56487.3155  56487.3155   Det  SMARTS           Bonning et al. 2012, ApJ 756, 13 
 2.381E+14   2.038E-12   2.103E-12   1.973E-12  56487.3155  56487.3155   Det  SMARTS           Bonning et al. 2012, ApJ 756, 13 
 4.688E+14   2.807E-12   2.846E-12   2.768E-12  56488.3105  56488.3105   Det  SMARTS           Bonning et al. 2012, ApJ 756, 13 
 2.381E+14   2.522E-12   2.578E-12   2.465E-12  56488.3105  56488.3105   Det  SMARTS           Bonning et al. 2012, ApJ 756, 13 
 4.688E+14   2.776E-12   2.815E-12   2.738E-12  56489.3188  56489.3188   Det  SMARTS           Bonning et al. 2012, ApJ 756, 13 
 2.381E+14   2.227E-12   2.281E-12   2.173E-12  56489.3188  56489.3188   Det  SMARTS           Bonning et al. 2012, ApJ 756, 13 
 4.688E+14   2.800E-12   2.839E-12   2.761E-12  56490.2650  56490.2650   Det  SMARTS           Bonning et al. 2012, ApJ 756, 13 
 2.381E+14   2.138E-12   2.200E-12   2.076E-12  56490.2650  56490.2650   Det  SMARTS           Bonning et al. 2012, ApJ 756, 13 
 4.688E+14   3.150E-12   3.208E-12   3.091E-12  56491.2411  56491.2411   Det  SMARTS           Bonning et al. 2012, ApJ 756, 13 
 2.381E+14   2.190E-12   2.256E-12   2.125E-12  56491.2411  56491.2411   Det  SMARTS           Bonning et al. 2012, ApJ 756, 13 
 4.688E+14   3.014E-12   3.081E-12   2.946E-12  56496.3715  56496.3715   Det  SMARTS           Bonning et al. 2012, ApJ 756, 13 
 2.381E+14   2.115E-12   2.172E-12   2.058E-12  56496.3715  56496.3715   Det  SMARTS           Bonning et al. 2012, ApJ 756, 13 
 4.688E+14   2.368E-12   2.534E-12   2.201E-12  56497.4516  56497.4516   Det  SMARTS           Bonning et al. 2012, ApJ 756, 13 
 2.381E+14   1.856E-12   1.916E-12   1.795E-12  56497.4516  56497.4516   Det  SMARTS           Bonning et al. 2012, ApJ 756, 13 
 4.688E+14   2.792E-12   2.854E-12   2.729E-12  56498.3355  56498.3355   Det  SMARTS           Bonning et al. 2012, ApJ 756, 13 
 2.381E+14   1.990E-12   2.040E-12   1.940E-12  56498.3355  56498.3355   Det  SMARTS           Bonning et al. 2012, ApJ 756, 13 
 4.688E+14   2.756E-12   2.932E-12   2.581E-12  56501.3968  56501.3968   Det  SMARTS           Bonning et al. 2012, ApJ 756, 13 
 2.381E+14   1.652E-12   1.729E-12   1.576E-12  56501.3968  56501.3968   Det  SMARTS           Bonning et al. 2012, ApJ 756, 13 
 4.688E+14   3.388E-12   3.544E-12   3.231E-12  56502.3265  56502.3265   Det  SMARTS           Bonning et al. 2012, ApJ 756, 13 
 2.381E+14   2.790E-12   2.874E-12   2.707E-12  56502.3265  56502.3265   Det  SMARTS           Bonning et al. 2012, ApJ 756, 13 
 4.688E+14   2.956E-12   2.994E-12   2.918E-12  56504.2976  56504.2976   Det  SMARTS           Bonning et al. 2012, ApJ 756, 13 
 2.381E+14   2.444E-12   2.494E-12   2.394E-12  56504.2976  56504.2976   Det  SMARTS           Bonning et al. 2012, ApJ 756, 13 
 4.688E+14   2.234E-12   2.269E-12   2.199E-12  56518.2773  56518.2773   Det  SMARTS           Bonning et al. 2012, ApJ 756, 13 
 2.381E+14   1.996E-12   2.044E-12   1.947E-12  56518.2773  56518.2773   Det  SMARTS           Bonning et al. 2012, ApJ 756, 13 
 2.381E+14   2.168E-12   2.229E-12   2.107E-12  56524.3354  56524.3354   Det  SMARTS           Bonning et al. 2012, ApJ 756, 13 
 2.381E+14   1.970E-12   2.023E-12   1.917E-12  56548.1795  56548.1795   Det  SMARTS           Bonning et al. 2012, ApJ 756, 13 
 4.688E+14   1.966E-12   2.004E-12   1.927E-12  56599.1417  56599.1417   Det  SMARTS           Bonning et al. 2012, ApJ 756, 13 
 2.381E+14   1.603E-12   1.668E-12   1.538E-12  56599.1417  56599.1417   Det  SMARTS           Bonning et al. 2012, ApJ 756, 13 
 4.688E+14   2.253E-12   2.292E-12   2.213E-12  56603.0732  56603.0732   Det  SMARTS           Bonning et al. 2012, ApJ 756, 13 
 2.381E+14   1.861E-12   1.920E-12   1.801E-12  56603.0732  56603.0732   Det  SMARTS           Bonning et al. 2012, ApJ 756, 13 
 4.688E+14   2.169E-12   2.276E-12   2.063E-12  56611.0733  56611.0733   Det  SMARTS           Bonning et al. 2012, ApJ 756, 13 
 2.381E+14   1.770E-12   1.842E-12   1.699E-12  56611.0733  56611.0733   Det  SMARTS           Bonning et al. 2012, ApJ 756, 13 
 4.688E+14   2.539E-12   2.622E-12   2.456E-12  56615.1089  56615.1089   Det  SMARTS           Bonning et al. 2012, ApJ 756, 13 
 2.381E+14   1.800E-12   1.864E-12   1.736E-12  56615.1089  56615.1089   Det  SMARTS           Bonning et al. 2012, ApJ 756, 13 
 4.688E+14   2.346E-12   2.389E-12   2.302E-12  56628.1152  56628.1152   Det  SMARTS           Bonning et al. 2012, ApJ 756, 13 
 2.381E+14   2.072E-12   2.158E-12   1.987E-12  56628.1152  56628.1152   Det  SMARTS           Bonning et al. 2012, ApJ 756, 13 
 6.818E+14   3.050E-12   3.173E-12   2.927E-12  56640.0500  56640.0500   Det  SMARTS           Bonning et al. 2012, ApJ 756, 13 
 4.688E+14   2.454E-12   2.523E-12   2.385E-12  56640.0500  56640.0500   Det  SMARTS           Bonning et al. 2012, ApJ 756, 13 
 2.381E+14   2.340E-12   2.410E-12   2.270E-12  56640.0500  56640.0500   Det  SMARTS           Bonning et al. 2012, ApJ 756, 13 
 6.818E+14   3.350E-12   3.403E-12   3.297E-12  56647.0555  56647.0555   Det  SMARTS           Bonning et al. 2012, ApJ 756, 13 
 4.688E+14   2.627E-12   2.671E-12   2.583E-12  56647.0555  56647.0555   Det  SMARTS           Bonning et al. 2012, ApJ 756, 13 
 2.381E+14   1.932E-12   1.997E-12   1.867E-12  56647.0555  56647.0555   Det  SMARTS           Bonning et al. 2012, ApJ 756, 13 
 6.818E+14   3.153E-12   3.214E-12   3.091E-12  56650.0682  56650.0682   Det  SMARTS           Bonning et al. 2012, ApJ 756, 13 
 4.688E+14   2.713E-12   2.759E-12   2.668E-12  56650.0682  56650.0682   Det  SMARTS           Bonning et al. 2012, ApJ 756, 13 
 2.381E+14   2.317E-12   2.393E-12   2.241E-12  56650.0682  56650.0682   Det  SMARTS           Bonning et al. 2012, ApJ 756, 13 
 4.688E+14   2.288E-12   2.344E-12   2.233E-12  56653.0572  56653.0572   Det  SMARTS           Bonning et al. 2012, ApJ 756, 13 
 2.381E+14   1.422E-12   1.526E-12   1.317E-12  56653.0572  56653.0572   Det  SMARTS           Bonning et al. 2012, ApJ 756, 13 
 2.381E+14   3.733E-12   3.855E-12   3.611E-12  56664.0744  56664.0744   Det  SMARTS           Bonning et al. 2012, ApJ 756, 13 
 6.818E+14   3.381E-12   3.409E-12   3.353E-12  56845.3405  56845.3405   Det  SMARTS           Bonning et al. 2012, ApJ 756, 13 
 5.455E+14   1.449E-13   1.465E-13   1.433E-13  56845.3405  56845.3405   Det  SMARTS           Bonning et al. 2012, ApJ 756, 13 
 4.688E+14   2.465E-12   2.493E-12   2.438E-12  56845.3405  56845.3405   Det  SMARTS           Bonning et al. 2012, ApJ 756, 13 
 2.381E+14   2.245E-12   2.300E-12   2.191E-12  56845.3405  56845.3405   Det  SMARTS           Bonning et al. 2012, ApJ 756, 13 
 6.818E+14   3.381E-12   3.409E-12   3.353E-12  56845.3405  56845.3405   Det  SMARTS           Bonning et al. 2012, ApJ 756, 13 
 5.455E+14   1.449E-13   1.465E-13   1.433E-13  56845.3405  56845.3405   Det  SMARTS           Bonning et al. 2012, ApJ 756, 13 
 4.688E+14   2.465E-12   2.493E-12   2.438E-12  56845.3405  56845.3405   Det  SMARTS           Bonning et al. 2012, ApJ 756, 13 
 2.381E+14   2.245E-12   2.300E-12   2.191E-12  56845.3405  56845.3405   Det  SMARTS           Bonning et al. 2012, ApJ 756, 13 
 6.818E+14   2.706E-12   2.769E-12   2.643E-12  56877.2487  56877.2487   Det  SMARTS           Bonning et al. 2012, ApJ 756, 13 
 5.455E+14   1.108E-13   1.135E-13   1.081E-13  56877.2487  56877.2487   Det  SMARTS           Bonning et al. 2012, ApJ 756, 13 
 4.688E+14   1.888E-12   1.926E-12   1.849E-12  56877.2487  56877.2487   Det  SMARTS           Bonning et al. 2012, ApJ 756, 13 
 2.381E+14   1.584E-12   1.645E-12   1.523E-12  56877.2487  56877.2487   Det  SMARTS           Bonning et al. 2012, ApJ 756, 13 
 6.818E+14   2.461E-12   2.493E-12   2.429E-12  56932.2039  56932.2039   Det  SMARTS           Bonning et al. 2012, ApJ 756, 13 
 5.455E+14   1.058E-13   1.076E-13   1.041E-13  56932.2039  56932.2039   Det  SMARTS           Bonning et al. 2012, ApJ 756, 13 
 4.688E+14   1.720E-12   1.744E-12   1.696E-12  56932.2039  56932.2039   Det  SMARTS           Bonning et al. 2012, ApJ 756, 13 
 2.381E+14   1.719E-12   1.774E-12   1.664E-12  56932.2039  56932.2039   Det  SMARTS           Bonning et al. 2012, ApJ 756, 13 
 6.818E+14   2.683E-12   2.769E-12   2.598E-12  56998.0915  56998.0915   Det  SMARTS           Bonning et al. 2012, ApJ 756, 13 
 5.455E+14   1.053E-13   1.089E-13   1.016E-13  56998.0915  56998.0915   Det  SMARTS           Bonning et al. 2012, ApJ 756, 13 
 4.688E+14   1.809E-12   1.862E-12   1.757E-12  56998.0915  56998.0915   Det  SMARTS           Bonning et al. 2012, ApJ 756, 13 
 2.381E+14   1.408E-12   1.474E-12   1.341E-12  56998.0915  56998.0915   Det  SMARTS           Bonning et al. 2012, ApJ 756, 13 
 6.818E+14   2.596E-12   2.683E-12   2.508E-12  57036.0347  57036.0347   Det  SMARTS           Bonning et al. 2012, ApJ 756, 13 
 5.455E+14   9.689E-14   9.951E-14   9.426E-14  57036.0347  57036.0347   Det  SMARTS           Bonning et al. 2012, ApJ 756, 13 
 4.688E+14   1.729E-12   1.771E-12   1.687E-12  57036.0347  57036.0347   Det  SMARTS           Bonning et al. 2012, ApJ 756, 13 
 2.381E+14   1.101E-12   1.164E-12   1.037E-12  57036.0347  57036.0347   Det  SMARTS           Bonning et al. 2012, ApJ 756, 13 
 6.818E+14   3.640E-12   3.677E-12   3.603E-12  57186.4117  57186.4117   Det  SMARTS           Bonning et al. 2012, ApJ 756, 13 
 5.455E+14   1.345E-13   1.361E-13   1.329E-13  57186.4117  57186.4117   Det  SMARTS           Bonning et al. 2012, ApJ 756, 13 
 4.688E+14   2.870E-12   2.905E-12   2.835E-12  57186.4117  57186.4117   Det  SMARTS           Bonning et al. 2012, ApJ 756, 13 
 2.381E+14   2.719E-12   2.801E-12   2.638E-12  57186.4117  57186.4117   Det  SMARTS           Bonning et al. 2012, ApJ 756, 13 
 6.818E+14   3.801E-12   3.832E-12   3.769E-12  57187.3888  57187.3888   Det  SMARTS           Bonning et al. 2012, ApJ 756, 13 
 5.455E+14   1.586E-13   1.605E-13   1.567E-13  57187.3888  57187.3888   Det  SMARTS           Bonning et al. 2012, ApJ 756, 13 
 4.688E+14   2.894E-12   2.926E-12   2.862E-12  57187.3888  57187.3888   Det  SMARTS           Bonning et al. 2012, ApJ 756, 13 
 2.381E+14   2.866E-12   2.938E-12   2.794E-12  57187.3888  57187.3888   Det  SMARTS           Bonning et al. 2012, ApJ 756, 13 
 6.818E+14   2.637E-12   2.688E-12   2.585E-12  57297.2201  57297.2201   Det  SMARTS           Bonning et al. 2012, ApJ 756, 13 
 5.455E+14   9.715E-14   9.978E-14   9.452E-14  57297.2201  57297.2201   Det  SMARTS           Bonning et al. 2012, ApJ 756, 13 
 4.688E+14   1.801E-12   1.839E-12   1.762E-12  57297.2201  57297.2201   Det  SMARTS           Bonning et al. 2012, ApJ 756, 13 
 2.381E+14   1.475E-12   1.543E-12   1.407E-12  57297.2201  57297.2201   Det  SMARTS           Bonning et al. 2012, ApJ 756, 13 
